id,time,lon,lat
1,5,-71.115036,42.372356
1,6,-71.115036,42.372334
1,7,-71.115028,42.372314
1,8,-71.115028,42.372299
1,9,-71.115028,42.372284
1,10,-71.115028,42.372276
1,11,-71.115044,42.372265
1,12,-71.115059,42.372246
1,13,-71.115074,42.372231
1,14,-71.115089,42.372219
1,15,-71.115097,42.372204
1,16,-71.115112,42.372185
1,17,-71.115128,42.372166
1,18,-71.115143,42.372147
1,19,-71.115143,42.372131
1,20,-71.115143,42.372128
1,21,-71.115128,42.372143
1,22,-71.115112,42.372162
1,23,-71.115097,42.372169
1,24,-71.115082,42.372181
1,25,-71.115059,42.372185
1,26,-71.115021,42.372189
1,27,-71.114990,42.372189
1,28,-71.115021,42.372192
1,29,-71.115013,42.372181
1,30,-71.115013,42.372166
1,31,-71.115005,42.372143
1,32,-71.115013,42.372105
1,33,-71.115044,42.372025
1,34,-71.115105,42.371952
1,35,-71.115158,42.371902
1,36,-71.115196,42.371857
1,37,-71.115219,42.371815
1,38,-71.115242,42.371784
1,39,-71.115250,42.371758
1,40,-71.115257,42.371738
1,41,-71.115257,42.371719
1,42,-71.115265,42.371708
1,43,-71.115280,42.371700
1,44,-71.115288,42.371693
1,45,-71.115288,42.371681
1,46,-71.115288,42.371670
1,47,-71.115295,42.371651
1,48,-71.115303,42.371620
1,49,-71.115318,42.371586
1,50,-71.115349,42.371544
1,51,-71.115372,42.371502
1,52,-71.115372,42.371490
1,53,-71.115387,42.371449
1,54,-71.115402,42.371418
1,55,-71.115410,42.371387
1,56,-71.115417,42.371368
1,57,-71.115417,42.371346
1,58,-71.115471,42.371307
1,59,-71.115509,42.371269
1,60,-71.115570,42.371231
1,61,-71.115631,42.371170
1,62,-71.115677,42.371124
1,63,-71.115692,42.371090
1,64,-71.115685,42.371063
1,65,-71.115662,42.371037
1,66,-71.115631,42.371014
1,67,-71.115601,42.370987
1,68,-71.115570,42.370960
1,69,-71.115547,42.370926
1,70,-71.115532,42.370880
1,71,-71.115501,42.370861
1,72,-71.115463,42.370831
1,73,-71.115417,42.370804
1,74,-71.115387,42.370750
1,75,-71.115326,42.370720
1,76,-71.115265,42.370697
1,77,-71.115189,42.370667
1,78,-71.115112,42.370644
1,79,-71.115005,42.370602
1,80,-71.114861,42.370514
1,81,-71.114792,42.370483
1,82,-71.114700,42.370445
1,83,-71.114601,42.370415
1,84,-71.114502,42.370388
1,85,-71.114410,42.370365
1,86,-71.114326,42.370346
1,87,-71.114250,42.370319
1,88,-71.114166,42.370296
1,89,-71.114098,42.370277
1,90,-71.114044,42.370262
1,91,-71.113983,42.370243
1,92,-71.113976,42.370239
1,93,-71.113968,42.370235
1,94,-71.113953,42.370232
1,95,-71.113930,42.370232
1,96,-71.113930,42.370228
1,97,-71.113907,42.370235
1,98,-71.113892,42.370235
1,99,-71.113876,42.370235
1,100,-71.113869,42.370235
1,101,-71.113853,42.370232
1,102,-71.113846,42.370232
1,103,-71.113831,42.370228
1,104,-71.113815,42.370220
1,105,-71.113808,42.370216
1,106,-71.113808,42.370216
1,107,-71.113808,42.370213
1,108,-71.113808,42.370213
1,109,-71.113808,42.370216
1,110,-71.113815,42.370216
1,111,-71.113800,42.370213
1,112,-71.113792,42.370209
1,113,-71.113792,42.370209
1,114,-71.113792,42.370209
1,115,-71.113792,42.370209
1,116,-71.113792,42.370209
1,117,-71.113792,42.370209
1,118,-71.113792,42.370209
1,119,-71.113792,42.370209
1,120,-71.113792,42.370209
1,121,-71.113792,42.370209
1,122,-71.113792,42.370209
1,123,-71.113792,42.370209
1,124,-71.113754,42.370216
1,125,-71.113724,42.370216
1,126,-71.113716,42.370209
1,127,-71.113716,42.370182
1,128,-71.113708,42.370163
1,129,-71.113693,42.370152
1,130,-71.113670,42.370148
1,131,-71.113640,42.370144
1,132,-71.113594,42.370140
1,133,-71.113556,42.370075
1,134,-71.113533,42.370014
1,135,-71.113472,42.369995
1,136,-71.113403,42.369972
1,137,-71.113327,42.369953
1,138,-71.113251,42.369926
1,139,-71.113174,42.369900
1,140,-71.113136,42.369884
1,141,-71.113014,42.369827
1,142,-71.112930,42.369789
1,143,-71.112839,42.369755
1,144,-71.112740,42.369724
1,145,-71.112640,42.369698
1,146,-71.112572,42.369671
1,147,-71.112488,42.369640
1,148,-71.112396,42.369617
1,149,-71.112320,42.369595
1,150,-71.112228,42.369576
1,151,-71.112152,42.369560
1,152,-71.112061,42.369537
1,153,-71.111992,42.369518
1,154,-71.111923,42.369499
1,155,-71.111847,42.369488
1,156,-71.111732,42.369473
1,157,-71.111664,42.369465
1,158,-71.111595,42.369453
1,159,-71.111549,42.369427
1,160,-71.111511,42.369408
1,161,-71.111473,42.369392
1,162,-71.111427,42.369381
1,163,-71.111374,42.369362
1,164,-71.111351,42.369358
1,165,-71.111305,42.369347
1,166,-71.111259,42.369331
1,167,-71.111214,42.369316
1,168,-71.111145,42.369289
1,169,-71.111107,42.369274
1,170,-71.111069,42.369263
1,171,-71.111023,42.369251
1,172,-71.111008,42.369247
1,173,-71.110977,42.369236
1,174,-71.110962,42.369232
1,175,-71.110947,42.369228
1,176,-71.110947,42.369221
1,177,-71.110939,42.369213
1,178,-71.110939,42.369209
1,179,-71.110947,42.369202
1,180,-71.110947,42.369198
1,181,-71.110947,42.369198
1,182,-71.110947,42.369198
1,183,-71.110947,42.369198
1,184,-71.110947,42.369198
1,185,-71.110947,42.369198
1,186,-71.110947,42.369198
1,187,-71.110947,42.369198
1,188,-71.110947,42.369198
1,189,-71.110947,42.369198
1,190,-71.110947,42.369198
1,191,-71.110931,42.369194
1,192,-71.110916,42.369186
1,193,-71.110893,42.369183
1,194,-71.110863,42.369171
1,195,-71.110832,42.369164
1,196,-71.110802,42.369148
1,197,-71.110764,42.369129
1,198,-71.110725,42.369106
1,199,-71.110695,42.369087
1,200,-71.110664,42.369072
1,201,-71.110634,42.369064
1,202,-71.110619,42.369068
1,203,-71.110588,42.369076
1,204,-71.110573,42.369080
1,205,-71.110558,42.369087
1,206,-71.110535,42.369095
1,207,-71.110519,42.369106
1,208,-71.110504,42.369110
1,209,-71.110497,42.369118
1,210,-71.110481,42.369125
1,211,-71.110474,42.369133
1,212,-71.110466,42.369141
1,213,-71.110451,42.369152
1,214,-71.110504,42.369186
1,215,-71.110504,42.369186
1,216,-71.110504,42.369186
1,217,-71.110504,42.369186
1,218,-71.110504,42.369186
1,219,-71.110504,42.369186
1,220,-71.110504,42.369186
1,221,-71.110504,42.369186
1,222,-71.110504,42.369186
1,223,-71.110504,42.369186
1,224,-71.110512,42.369194
1,225,-71.110512,42.369186
1,226,-71.110504,42.369175
1,227,-71.110489,42.369160
1,228,-71.110466,42.369133
1,229,-71.110451,42.369083
1,230,-71.110443,42.369038
1,231,-71.110413,42.369003
1,232,-71.110382,42.368969
1,233,-71.110344,42.368958
1,234,-71.110306,42.368958
1,235,-71.110268,42.368961
1,236,-71.110252,42.368954
1,237,-71.110176,42.368954
1,238,-71.110123,42.368946
1,239,-71.110069,42.368931
1,240,-71.109985,42.368908
1,241,-71.109955,42.368900
1,242,-71.109901,42.368889
1,243,-71.109840,42.368809
1,244,-71.109787,42.368797
1,245,-71.109703,42.368755
1,246,-71.109650,42.368740
1,247,-71.109535,42.368702
1,248,-71.109459,42.368675
1,249,-71.109406,42.368652
1,250,-71.109367,42.368637
1,251,-71.109337,42.368629
1,252,-71.109314,42.368626
1,253,-71.109283,42.368618
1,254,-71.109276,42.368618
1,255,-71.109268,42.368614
1,256,-71.109268,42.368614
1,257,-71.109268,42.368614
1,258,-71.109268,42.368614
1,259,-71.109268,42.368614
1,260,-71.109268,42.368614
1,261,-71.109268,42.368614
1,262,-71.109268,42.368614
1,263,-71.109268,42.368614
1,264,-71.109268,42.368614
1,265,-71.109268,42.368614
1,266,-71.109268,42.368614
1,267,-71.109268,42.368614
1,268,-71.109268,42.368614
1,269,-71.109268,42.368614
1,270,-71.109268,42.368614
1,271,-71.109268,42.368614
1,272,-71.109268,42.368614
1,273,-71.109268,42.368614
1,274,-71.109268,42.368614
1,275,-71.109268,42.368614
1,276,-71.109268,42.368614
1,277,-71.109268,42.368614
1,278,-71.109268,42.368614
1,279,-71.109268,42.368614
1,280,-71.109268,42.368614
1,281,-71.109268,42.368614
1,282,-71.109268,42.368614
1,283,-71.109268,42.368614
1,284,-71.109268,42.368614
1,285,-71.109268,42.368614
1,286,-71.109268,42.368614
1,287,-71.109268,42.368614
1,288,-71.109268,42.368614
1,289,-71.109268,42.368614
1,290,-71.109268,42.368614
1,291,-71.109268,42.368614
1,292,-71.109215,42.368629
1,293,-71.109154,42.368641
1,294,-71.109085,42.368633
1,295,-71.109009,42.368587
1,296,-71.108940,42.368557
1,297,-71.108871,42.368530
1,298,-71.108795,42.368496
1,299,-71.108704,42.368462
1,300,-71.108604,42.368423
1,301,-71.108505,42.368378
1,302,-71.108406,42.368332
1,303,-71.108353,42.368309
1,304,-71.108253,42.368256
1,305,-71.108086,42.368176
1,306,-71.107979,42.368130
1,307,-71.107841,42.368053
1,308,-71.107750,42.368004
1,309,-71.107605,42.367924
1,310,-71.107475,42.367832
1,311,-71.107368,42.367771
1,312,-71.107262,42.367706
1,313,-71.107132,42.367596
1,314,-71.107033,42.367538
1,315,-71.106941,42.367481
1,316,-71.106850,42.367420
1,317,-71.106758,42.367367
1,318,-71.106674,42.367310
1,319,-71.106590,42.367252
1,320,-71.106506,42.367203
1,321,-71.106430,42.367149
1,322,-71.106361,42.367104
1,323,-71.106293,42.367058
1,324,-71.106239,42.367016
1,325,-71.106194,42.366985
1,326,-71.106155,42.366955
1,327,-71.106125,42.366928
1,328,-71.106102,42.366901
1,329,-71.106087,42.366871
1,330,-71.106079,42.366840
1,331,-71.106071,42.366814
1,332,-71.106071,42.366779
1,333,-71.106071,42.366753
1,334,-71.106064,42.366722
1,335,-71.106064,42.366692
1,336,-71.106064,42.366665
1,337,-71.106071,42.366634
1,338,-71.106125,42.366726
1,339,-71.106140,42.366764
1,340,-71.106148,42.366798
1,341,-71.106148,42.366825
1,342,-71.106148,42.366825
1,343,-71.106148,42.366825
1,344,-71.106148,42.366825
1,345,-71.106148,42.366825
1,346,-71.106148,42.366825
1,347,-71.106148,42.366825
1,348,-71.106148,42.366825
1,349,-71.106148,42.366825
1,350,-71.106148,42.366825
1,351,-71.106148,42.366825
1,352,-71.106148,42.366825
1,354,-71.106148,42.366825
1,355,-71.106148,42.366825
1,356,-71.106148,42.366825
1,357,-71.106148,42.366825
1,358,-71.106148,42.366825
1,359,-71.106148,42.366825
1,360,-71.106148,42.366825
1,361,-71.106148,42.366825
1,362,-71.106148,42.366825
1,363,-71.106148,42.366825
1,364,-71.106148,42.366825
1,365,-71.106148,42.366825
1,366,-71.106148,42.366825
1,367,-71.106148,42.366825
1,368,-71.106148,42.366825
1,369,-71.106148,42.366825
1,370,-71.106148,42.366825
1,371,-71.106148,42.366825
1,372,-71.106148,42.366825
1,373,-71.106148,42.366825
1,374,-71.106148,42.366829
1,375,-71.106148,42.366825
1,376,-71.106148,42.366825
1,377,-71.106148,42.366825
1,378,-71.106148,42.366825
1,379,-71.106148,42.366825
1,380,-71.106148,42.366825
1,381,-71.106148,42.366837
1,382,-71.106148,42.366837
1,383,-71.106133,42.366833
1,384,-71.106125,42.366829
1,385,-71.106102,42.366829
1,386,-71.106079,42.366825
1,387,-71.106033,42.366829
1,388,-71.105995,42.366829
1,389,-71.105942,42.366825
1,390,-71.105888,42.366810
1,391,-71.105835,42.366783
1,392,-71.105766,42.366749
1,393,-71.105698,42.366707
1,394,-71.105621,42.366661
1,395,-71.105560,42.366573
1,396,-71.105492,42.366486
1,397,-71.105431,42.366383
1,398,-71.105370,42.366287
1,399,-71.105316,42.366230
1,400,-71.105263,42.366184
1,401,-71.105202,42.366154
1,402,-71.105156,42.366123
1,403,-71.105110,42.366100
1,404,-71.105072,42.366077
1,405,-71.105042,42.366055
1,406,-71.105011,42.366035
1,407,-71.104980,42.366020
1,408,-71.104965,42.366009
1,409,-71.104958,42.365997
1,410,-71.104958,42.365993
1,411,-71.104950,42.365993
1,412,-71.104935,42.365990
1,413,-71.104912,42.365982
1,414,-71.104881,42.365974
1,415,-71.104836,42.365967
1,416,-71.104782,42.365959
1,417,-71.104721,42.365948
1,418,-71.104652,42.365936
1,419,-71.104576,42.365913
1,420,-71.104485,42.365875
1,421,-71.104401,42.365841
1,422,-71.104332,42.365822
1,423,-71.104248,42.365681
1,424,-71.104172,42.365593
1,425,-71.104088,42.365524
1,426,-71.104004,42.365471
1,427,-71.103920,42.365421
1,428,-71.103836,42.365376
1,429,-71.103745,42.365326
1,430,-71.103615,42.365257
1,431,-71.103531,42.365208
1,432,-71.103462,42.365166
1,433,-71.103401,42.365124
1,434,-71.103355,42.365089
1,435,-71.103317,42.365063
1,436,-71.103287,42.365040
1,437,-71.103264,42.365025
1,438,-71.103241,42.365009
1,439,-71.103218,42.364998
1,440,-71.103195,42.364986
1,441,-71.103172,42.364971
1,442,-71.103149,42.364956
1,443,-71.103134,42.364941
1,444,-71.103142,42.364941
1,445,-71.103142,42.364941
1,446,-71.103142,42.364941
1,447,-71.103142,42.364941
1,448,-71.103142,42.364941
1,449,-71.103142,42.364941
1,450,-71.103142,42.364941
1,451,-71.103142,42.364941
1,452,-71.103142,42.364941
1,453,-71.103142,42.364941
1,454,-71.103142,42.364941
1,455,-71.103142,42.364941
1,456,-71.103142,42.364941
1,457,-71.103142,42.364941
1,458,-71.103142,42.364941
1,459,-71.103142,42.364941
1,460,-71.103142,42.364941
1,461,-71.103142,42.364941
1,462,-71.103142,42.364941
1,463,-71.103142,42.364941
1,464,-71.103142,42.364941
1,465,-71.103142,42.364941
1,466,-71.103142,42.364941
1,467,-71.103142,42.364941
1,468,-71.103142,42.364941
1,469,-71.103142,42.364941
1,470,-71.103142,42.364941
1,471,-71.103142,42.364941
1,472,-71.103142,42.364941
1,473,-71.103142,42.364941
1,474,-71.103142,42.364941
1,475,-71.103142,42.364941
1,476,-71.103142,42.364941
1,477,-71.103142,42.364941
1,478,-71.103142,42.364941
1,479,-71.103142,42.364941
1,480,-71.103142,42.364941
1,481,-71.103142,42.364941
1,482,-71.103142,42.364941
1,483,-71.103142,42.364941
1,484,-71.103149,42.364941
1,485,-71.103149,42.364941
1,486,-71.103149,42.364941
1,487,-71.103149,42.364941
1,488,-71.103149,42.364941
1,489,-71.103149,42.364941
1,490,-71.103149,42.364941
1,491,-71.103149,42.364941
1,492,-71.103149,42.364941
1,493,-71.103149,42.364941
1,494,-71.103149,42.364941
1,495,-71.103149,42.364941
1,496,-71.103149,42.364941
1,497,-71.103149,42.364941
1,498,-71.103149,42.364941
1,499,-71.103149,42.364941
1,500,-71.103149,42.364941
1,501,-71.103127,42.364941
1,502,-71.103104,42.364937
1,503,-71.103088,42.364937
1,504,-71.103073,42.364937
1,505,-71.103058,42.364937
1,506,-71.103035,42.364937
1,507,-71.103004,42.364929
1,508,-71.102966,42.364922
1,509,-71.102928,42.364906
1,510,-71.102882,42.364887
1,511,-71.102837,42.364864
1,512,-71.102798,42.364853
1,513,-71.102768,42.364838
1,514,-71.102753,42.364830
1,515,-71.102737,42.364819
1,516,-71.102730,42.364811
1,517,-71.102722,42.364803
1,518,-71.102715,42.364792
1,519,-71.102707,42.364754
1,520,-71.102707,42.364700
1,521,-71.102684,42.364685
1,522,-71.102646,42.364677
1,523,-71.102592,42.364666
1,524,-71.102531,42.364651
1,525,-71.102463,42.364624
1,526,-71.102386,42.364586
1,527,-71.102303,42.364544
1,528,-71.102173,42.364456
1,529,-71.102066,42.364380
1,530,-71.101974,42.364319
1,531,-71.101875,42.364262
1,532,-71.101791,42.364208
1,533,-71.101730,42.364162
1,534,-71.101669,42.364113
1,535,-71.101639,42.364075
1,536,-71.101608,42.364040
1,537,-71.101593,42.364017
1,538,-71.101578,42.363979
1,539,-71.101555,42.363941
1,540,-71.101532,42.363907
1,541,-71.101517,42.363865
1,542,-71.101501,42.363831
1,543,-71.101486,42.363792
1,544,-71.101471,42.363750
1,545,-71.101448,42.363697
1,546,-71.101440,42.363659
1,547,-71.101440,42.363625
1,548,-71.101448,42.363590
1,549,-71.101501,42.363590
1,550,-71.101601,42.364334
1,551,-71.101601,42.364334
1,552,-71.101601,42.364334
1,553,-71.101601,42.364334
1,554,-71.101601,42.364334
1,555,-71.101601,42.364334
1,556,-71.101601,42.364334
1,557,-71.101601,42.364334
1,558,-71.101601,42.364334
1,559,-71.101601,42.364334
1,560,-71.101601,42.364334
1,561,-71.101601,42.364334
1,562,-71.101601,42.364334
1,563,-71.101601,42.364334
1,564,-71.101601,42.364334
1,565,-71.101601,42.364315
1,566,-71.101570,42.364296
1,567,-71.101547,42.364254
1,568,-71.101509,42.364227
1,569,-71.101471,42.364086
1,570,-71.101402,42.363976
1,571,-71.101318,42.363926
1,572,-71.101227,42.363865
1,573,-71.101128,42.363815
1,574,-71.101036,42.363762
1,575,-71.100945,42.363712
1,576,-71.100861,42.363667
1,577,-71.100777,42.363621
1,578,-71.100693,42.363586
1,579,-71.100624,42.363541
1,580,-71.100555,42.363503
1,581,-71.100487,42.363461
1,582,-71.100418,42.363415
1,583,-71.100349,42.363354
1,584,-71.100281,42.363300
1,585,-71.100204,42.363251
1,586,-71.100128,42.363205
1,587,-71.100052,42.363167
1,588,-71.099968,42.363125
1,589,-71.099892,42.363079
1,590,-71.099808,42.363029
1,591,-71.099739,42.362980
1,592,-71.099663,42.362934
1,593,-71.099602,42.362892
1,594,-71.099548,42.362858
1,595,-71.099503,42.362823
1,596,-71.099480,42.362797
1,597,-71.099457,42.362782
1,598,-71.099442,42.362782
1,599,-71.099434,42.362789
1,600,-71.099434,42.362797
1,601,-71.099434,42.362797
1,602,-71.099434,42.362797
1,603,-71.099434,42.362797
1,604,-71.099434,42.362797
1,605,-71.099434,42.362797
1,606,-71.099434,42.362797
1,607,-71.099434,42.362797
1,608,-71.099434,42.362797
1,609,-71.099419,42.362797
1,610,-71.099388,42.362785
1,611,-71.099358,42.362770
1,612,-71.099319,42.362751
1,613,-71.099274,42.362728
1,614,-71.099228,42.362694
1,615,-71.099167,42.362652
1,616,-71.099091,42.362610
1,617,-71.098999,42.362564
1,618,-71.098915,42.362495
1,619,-71.098824,42.362442
1,620,-71.098732,42.362389
1,621,-71.098648,42.362343
1,622,-71.098557,42.362293
1,623,-71.098473,42.362244
1,624,-71.098381,42.362198
1,625,-71.098297,42.362148
1,626,-71.098213,42.362099
1,627,-71.098129,42.362053
1,628,-71.098045,42.362007
1,629,-71.097961,42.361958
1,630,-71.097885,42.361908
1,631,-71.097816,42.361862
1,632,-71.097748,42.361816
1,633,-71.097694,42.361771
1,634,-71.097656,42.361725
1,635,-71.097626,42.361679
1,636,-71.097618,42.361633
1,637,-71.097603,42.361584
1,638,-71.097595,42.361538
1,639,-71.097580,42.361492
1,640,-71.097580,42.361446
1,641,-71.097580,42.361408
1,642,-71.097580,42.361374
1,643,-71.097588,42.361340
1,644,-71.097603,42.361309
1,645,-71.097610,42.361279
1,646,-71.097618,42.361256
1,647,-71.097626,42.361233
1,648,-71.097633,42.361210
1,649,-71.097641,42.361202
1,650,-71.097649,42.361210
1,651,-71.097656,42.361214
1,652,-71.097664,42.361214
1,653,-71.097664,42.361206
1,654,-71.097656,42.361198
1,655,-71.097641,42.361191
1,656,-71.097618,42.361183
1,657,-71.097580,42.361179
1,658,-71.097542,42.361168
1,659,-71.097488,42.361156
1,660,-71.097435,42.361141
1,661,-71.097382,42.361130
1,662,-71.097328,42.361107
1,663,-71.097275,42.361092
1,664,-71.097176,42.361061
1,665,-71.097099,42.361031
1,666,-71.097015,42.361004
1,667,-71.096931,42.360981
1,668,-71.096855,42.360958
1,669,-71.096779,42.360943
1,670,-71.096703,42.360924
1,671,-71.096634,42.360905
1,672,-71.096573,42.360889
1,673,-71.096512,42.360874
1,674,-71.096458,42.360855
1,675,-71.096397,42.360832
1,676,-71.096344,42.360806
1,677,-71.096283,42.360783
1,678,-71.096222,42.360752
1,679,-71.096161,42.360718
1,680,-71.096100,42.360695
1,681,-71.096054,42.360668
1,682,-71.096016,42.360653
1,683,-71.095978,42.360641
1,684,-71.095955,42.360626
1,685,-71.095932,42.360615
1,686,-71.095917,42.360607
1,687,-71.095901,42.360607
1,688,-71.095901,42.360607
1,689,-71.095901,42.360607
1,690,-71.095901,42.360607
1,691,-71.095901,42.360607
1,692,-71.095901,42.360607
1,693,-71.095901,42.360607
1,694,-71.095901,42.360607
1,695,-71.095901,42.360607
1,696,-71.095901,42.360607
1,697,-71.095901,42.360607
1,698,-71.095879,42.360603
1,699,-71.095856,42.360592
1,700,-71.095818,42.360573
1,701,-71.095779,42.360550
1,702,-71.095734,42.360519
1,703,-71.095688,42.360493
1,704,-71.095642,42.360466
1,705,-71.095604,42.360447
1,706,-71.095573,42.360435
1,707,-71.095558,42.360428
1,708,-71.095551,42.360424
1,709,-71.095535,42.360420
1,710,-71.095528,42.360416
1,711,-71.095512,42.360416
1,712,-71.095497,42.360413
1,713,-71.095482,42.360409
1,714,-71.095459,42.360401
1,715,-71.095436,42.360390
1,716,-71.095406,42.360374
1,717,-71.095390,42.360363
1,718,-71.095345,42.360348
1,719,-71.095322,42.360332
1,720,-71.095299,42.360321
1,721,-71.095284,42.360313
1,722,-71.095261,42.360302
1,723,-71.095245,42.360298
1,724,-71.095238,42.360298
1,725,-71.095238,42.360298
1,726,-71.095238,42.360298
1,727,-71.095238,42.360298
1,728,-71.095238,42.360298
1,729,-71.095238,42.360298
1,730,-71.095238,42.360298
1,731,-71.095238,42.360298
1,732,-71.095238,42.360298
1,733,-71.095238,42.360298
1,734,-71.095238,42.360298
1,735,-71.095238,42.360294
1,736,-71.095238,42.360294
1,737,-71.095238,42.360298
1,738,-71.095238,42.360298
1,739,-71.095238,42.360298
1,740,-71.095238,42.360298
1,741,-71.095238,42.360298
1,742,-71.095238,42.360298
1,743,-71.095238,42.360294
1,744,-71.095238,42.360298
1,745,-71.095238,42.360298
1,746,-71.095215,42.360283
1,747,-71.095184,42.360256
1,748,-71.095139,42.360199
1,749,-71.095062,42.360149
1,750,-71.094986,42.360100
1,751,-71.094902,42.360054
1,752,-71.094810,42.360008
1,753,-71.094727,42.359966
1,754,-71.094635,42.359921
1,755,-71.094536,42.359879
1,756,-71.094444,42.359833
1,757,-71.094353,42.359791
1,758,-71.094269,42.359715
1,759,-71.094215,42.359680
1,760,-71.094139,42.359581
1,761,-71.094032,42.359455
1,762,-71.093964,42.359394
1,763,-71.093910,42.359333
1,764,-71.093857,42.359268
1,765,-71.093819,42.359211
1,766,-71.093773,42.359150
1,767,-71.093742,42.359097
1,768,-71.093712,42.359020
1,769,-71.093689,42.358982
1,770,-71.093651,42.358952
1,771,-71.093628,42.358925
1,772,-71.093597,42.358891
1,773,-71.093597,42.358883
1,774,-71.093590,42.358875
1,775,-71.093597,42.358860
1,776,-71.093597,42.358852
1,777,-71.093597,42.358845
1,778,-71.093605,42.358837
1,779,-71.093605,42.358833
1,780,-71.093613,42.358833
1,781,-71.093620,42.358829
1,782,-71.093620,42.358829
1,783,-71.093620,42.358829
1,784,-71.093620,42.358829
1,785,-71.093620,42.358829
1,786,-71.093620,42.358829
1,787,-71.093620,42.358829
1,788,-71.093620,42.358829
1,789,-71.093620,42.358829
1,790,-71.093620,42.358829
1,791,-71.093620,42.358829
1,792,-71.093620,42.358829
1,793,-71.093620,42.358829
1,794,-71.093620,42.358829
1,795,-71.093620,42.358829
1,796,-71.093620,42.358829
1,797,-71.093620,42.358829
1,798,-71.093620,42.358829
1,799,-71.093620,42.358829
1,800,-71.093620,42.358829
1,801,-71.093605,42.358822
1,802,-71.093590,42.358814
1,803,-71.093567,42.358803
1,804,-71.093552,42.358795
1,805,-71.093536,42.358784
1,806,-71.093521,42.358772
1,807,-71.093498,42.358757
1,808,-71.093483,42.358738
1,809,-71.093468,42.358723
1,810,-71.093452,42.358700
1,811,-71.093445,42.358669
1,812,-71.093468,42.358574
1,813,-71.093468,42.358532
1,814,-71.093460,42.358505
1,815,-71.093452,42.358498
1,816,-71.093445,42.358494
1,817,-71.093445,42.358494
1,818,-71.093445,42.358494
1,819,-71.093445,42.358494
1,820,-71.093445,42.358494
1,821,-71.093445,42.358494
1,822,-71.093445,42.358494
1,823,-71.093445,42.358494
1,824,-71.093445,42.358494
1,825,-71.093445,42.358494
1,826,-71.093452,42.358486
1,827,-71.093452,42.358486
1,828,-71.093452,42.358486
1,829,-71.093452,42.358486
1,830,-71.093452,42.358486
1,831,-71.093452,42.358486
1,832,-71.093452,42.358486
1,833,-71.093452,42.358486
1,834,-71.093452,42.358486
1,835,-71.093452,42.358486
1,836,-71.093452,42.358486
1,837,-71.093452,42.358486
1,838,-71.093452,42.358486
1,839,-71.093452,42.358486
1,840,-71.093452,42.358479
1,841,-71.093445,42.358475
1,842,-71.093445,42.358475
1,843,-71.093445,42.358475
1,844,-71.093445,42.358475
1,846,-71.093445,42.358471
1,847,-71.093437,42.358444
1,848,-71.093422,42.358418
1,849,-71.093407,42.358379
1,850,-71.093391,42.358341
1,851,-71.093369,42.358284
1,852,-71.093338,42.358231
1,853,-71.093315,42.358177
1,854,-71.093285,42.358120
1,855,-71.093262,42.358070
1,856,-71.093224,42.358009
1,857,-71.093185,42.357952
1,858,-71.093132,42.357891
1,859,-71.093079,42.357822
1,860,-71.093025,42.357674
1,861,-71.093010,42.357552
1,862,-71.092979,42.357464
1,863,-71.092941,42.357376
1,864,-71.092896,42.357292
1,865,-71.092850,42.357208
1,866,-71.092804,42.357124
1,867,-71.092743,42.357044
1,868,-71.092690,42.356964
1,869,-71.092636,42.356884
1,870,-71.092583,42.356800
1,871,-71.092529,42.356712
1,872,-71.092484,42.356621
1,873,-71.092430,42.356529
1,874,-71.092377,42.356441
1,875,-71.092331,42.356350
1,876,-71.092285,42.356258
1,877,-71.092232,42.356167
1,878,-71.092186,42.356071
1,879,-71.092140,42.355980
1,880,-71.092094,42.355888
1,881,-71.092049,42.355801
1,882,-71.092003,42.355713
1,883,-71.091957,42.355621
1,884,-71.091911,42.355530
1,885,-71.091866,42.355442
1,886,-71.091820,42.355347
1,887,-71.091774,42.355255
1,888,-71.091728,42.355164
1,889,-71.091682,42.355068
1,890,-71.091629,42.354973
1,891,-71.091583,42.354881
1,892,-71.091537,42.354790
1,893,-71.091492,42.354694
1,894,-71.091438,42.354599
1,895,-71.091393,42.354500
1,896,-71.091339,42.354397
1,897,-71.091286,42.354294
1,898,-71.091232,42.354191
1,899,-71.091179,42.354084
1,900,-71.091125,42.353981
1,901,-71.091080,42.353878
1,902,-71.091026,42.353779
1,903,-71.090973,42.353676
1,904,-71.090927,42.353573
1,905,-71.090874,42.353470
1,906,-71.090820,42.353367
1,907,-71.090767,42.353264
1,908,-71.090714,42.353161
1,909,-71.090660,42.353062
1,910,-71.090607,42.352959
1,911,-71.090553,42.352863
1,912,-71.090508,42.352764
1,913,-71.090454,42.352669
1,914,-71.090416,42.352577
1,915,-71.090370,42.352493
1,916,-71.090332,42.352409
1,917,-71.090286,42.352325
1,918,-71.090248,42.352242
1,919,-71.090210,42.352154
1,920,-71.090172,42.352074
1,921,-71.090134,42.351994
1,922,-71.090096,42.351921
1,923,-71.090057,42.351845
1,924,-71.090019,42.351765
1,925,-71.089989,42.351688
1,926,-71.089951,42.351608
1,927,-71.089912,42.351528
1,928,-71.089874,42.351452
1,929,-71.089844,42.351379
1,930,-71.089813,42.351315
1,931,-71.089790,42.351250
1,932,-71.089775,42.351196
1,933,-71.089752,42.351151
1,934,-71.089737,42.351120
1,935,-71.089729,42.351089
1,936,-71.089729,42.351070
1,937,-71.089729,42.351055
1,938,-71.089729,42.351048
1,939,-71.089729,42.351048
1,940,-71.089729,42.351044
1,941,-71.089729,42.351044
1,942,-71.089729,42.351044
1,943,-71.089729,42.351044
1,944,-71.089729,42.351044
1,945,-71.089729,42.351044
1,946,-71.089729,42.351044
1,947,-71.089729,42.351044
1,948,-71.089729,42.351044
1,949,-71.089729,42.351044
1,950,-71.089729,42.351044
1,951,-71.089729,42.351044
1,952,-71.089729,42.351044
1,953,-71.089729,42.351044
1,954,-71.089729,42.351044
1,955,-71.089729,42.351044
1,956,-71.089729,42.351044
1,957,-71.089729,42.351044
1,958,-71.089729,42.351044
1,959,-71.089729,42.351044
1,960,-71.089729,42.351044
1,961,-71.089729,42.351044
1,962,-71.089729,42.351044
1,963,-71.089729,42.351044
1,964,-71.089729,42.351044
1,965,-71.089729,42.351044
1,966,-71.089729,42.351044
1,967,-71.089729,42.351044
1,968,-71.089729,42.351044
1,969,-71.089729,42.351044
1,970,-71.089729,42.351044
1,971,-71.089729,42.351044
1,972,-71.089729,42.351044
1,973,-71.089729,42.351044
1,974,-71.089737,42.351040
1,975,-71.089745,42.351036
1,976,-71.089745,42.351028
1,977,-71.089752,42.351021
1,978,-71.089760,42.351013
1,979,-71.089760,42.351006
1,980,-71.089760,42.351002
1,981,-71.089745,42.351002
1,982,-71.089737,42.351002
1,983,-71.089722,42.350998
1,984,-71.089722,42.350975
1,985,-71.089714,42.350945
1,986,-71.089706,42.350914
1,987,-71.089691,42.350883
1,988,-71.089676,42.350853
1,989,-71.089661,42.350815
1,990,-71.089630,42.350777
1,991,-71.089615,42.350742
1,992,-71.089569,42.350697
1,993,-71.089539,42.350651
1,994,-71.089500,42.350605
1,995,-71.089485,42.350574
1,996,-71.089447,42.350521
1,997,-71.089417,42.350479
1,998,-71.089386,42.350426
1,999,-71.089386,42.350315
1,1000,-71.089363,42.350250
1,1001,-71.089348,42.350185
1,1002,-71.089325,42.350121
1,1003,-71.089279,42.350048
1,1004,-71.089241,42.349979
1,1005,-71.089203,42.349915
1,1006,-71.089172,42.349865
1,1007,-71.089104,42.349773
1,1008,-71.089066,42.349670
1,1009,-71.089027,42.349560
1,1010,-71.088997,42.349476
1,1011,-71.088966,42.349400
1,1012,-71.088936,42.349323
1,1013,-71.088913,42.349262
1,1014,-71.088882,42.349216
1,1015,-71.088860,42.349182
1,1016,-71.088844,42.349163
1,1017,-71.088829,42.349155
1,1018,-71.088821,42.349148
1,1019,-71.088814,42.349144
1,1020,-71.088814,42.349144
1,1021,-71.088814,42.349144
1,1022,-71.088806,42.349129
1,1023,-71.088791,42.349110
1,1024,-71.088768,42.349083
1,1025,-71.088730,42.349045
1,1026,-71.088699,42.349010
1,1027,-71.088661,42.348972
1,1028,-71.088623,42.348934
1,1029,-71.088593,42.348885
1,1030,-71.088554,42.348824
1,1031,-71.088524,42.348766
1,1032,-71.088501,42.348705
1,1033,-71.088470,42.348637
1,1034,-71.088470,42.348534
1,1035,-71.088463,42.348431
1,1036,-71.088448,42.348339
1,1037,-71.088409,42.348255
1,1038,-71.088371,42.348175
1,1039,-71.088341,42.348106
1,1040,-71.088310,42.348049
1,1041,-71.088287,42.348000
1,1042,-71.088280,42.347992
1,1043,-71.088234,42.347954
1,1044,-71.088234,42.347954
1,1045,-71.088234,42.347954
1,1046,-71.088234,42.347954
1,1047,-71.088234,42.347954
1,1048,-71.088234,42.347954
1,1049,-71.088234,42.347954
1,1050,-71.088234,42.347954
1,1051,-71.088234,42.347954
1,1052,-71.088234,42.347954
1,1053,-71.088234,42.347954
1,1054,-71.088234,42.347954
1,1055,-71.088234,42.347954
1,1056,-71.088234,42.347954
1,1057,-71.088234,42.347954
1,1058,-71.088234,42.347954
1,1059,-71.088234,42.347954
1,1060,-71.088234,42.347954
1,1061,-71.088234,42.347954
1,1062,-71.088234,42.347954
1,1063,-71.088234,42.347954
1,1064,-71.088234,42.347954
1,1065,-71.088234,42.347954
1,1066,-71.088234,42.347954
1,1067,-71.088234,42.347954
1,1068,-71.088234,42.347954
1,1069,-71.088234,42.347954
1,1070,-71.088234,42.347954
1,1071,-71.088234,42.347954
1,1072,-71.088234,42.347954
1,1073,-71.088234,42.347954
1,1074,-71.088234,42.347954
1,1075,-71.088234,42.347954
1,1076,-71.088234,42.347954
1,1077,-71.088234,42.347954
1,1078,-71.088234,42.347954
1,1079,-71.088234,42.347954
1,1080,-71.088234,42.347954
1,1081,-71.088234,42.347954
1,1082,-71.088226,42.347950
1,1083,-71.088226,42.347950
1,1084,-71.088226,42.347950
1,1085,-71.088226,42.347950
1,1086,-71.088226,42.347950
1,1087,-71.088226,42.347950
1,1088,-71.088226,42.347950
1,1089,-71.088226,42.347950
1,1090,-71.088226,42.347950
1,1091,-71.088226,42.347950
1,1092,-71.088226,42.347950
1,1093,-71.088226,42.347950
1,1094,-71.088226,42.347950
1,1095,-71.088226,42.347950
1,1096,-71.088226,42.347950
1,1097,-71.088226,42.347950
1,1098,-71.088226,42.347950
1,1099,-71.088226,42.347950
1,1100,-71.088226,42.347950
1,1101,-71.088226,42.347950
1,1102,-71.088226,42.347950
1,1103,-71.088226,42.347950
1,1104,-71.088226,42.347950
1,1105,-71.088226,42.347950
1,1106,-71.088226,42.347950
1,1107,-71.088226,42.347950
1,1108,-71.088226,42.347950
1,1109,-71.088226,42.347950
1,1110,-71.088226,42.347950
1,1111,-71.088226,42.347950
1,1112,-71.088226,42.347950
1,1113,-71.088226,42.347950
1,1114,-71.088226,42.347950
1,1115,-71.088226,42.347950
1,1116,-71.088226,42.347950
1,1117,-71.088226,42.347950
1,1118,-71.088226,42.347950
1,1119,-71.088226,42.347950
1,1120,-71.088226,42.347950
1,1121,-71.088226,42.347950
1,1122,-71.088219,42.347942
1,1123,-71.088211,42.347919
1,1124,-71.088196,42.347893
1,1125,-71.088188,42.347870
1,1126,-71.088188,42.347851
1,1127,-71.088173,42.347805
1,1128,-71.088165,42.347775
1,1129,-71.088150,42.347733
1,1130,-71.088127,42.347679
1,1131,-71.088104,42.347633
1,1132,-71.088081,42.347591
1,1133,-71.088066,42.347561
1,1134,-71.088051,42.347542
1,1135,-71.088036,42.347534
1,1136,-71.088036,42.347534
1,1137,-71.088036,42.347534
1,1138,-71.088036,42.347534
1,1139,-71.088036,42.347534
1,1140,-71.088036,42.347534
1,1141,-71.088036,42.347534
1,1142,-71.088036,42.347534
1,1143,-71.088036,42.347534
1,1144,-71.088036,42.347534
1,1145,-71.088036,42.347534
1,1146,-71.088036,42.347534
1,1147,-71.088036,42.347534
1,1148,-71.088036,42.347534
1,1149,-71.088036,42.347534
1,1150,-71.088036,42.347534
1,1151,-71.088036,42.347534
1,1152,-71.088036,42.347534
1,1153,-71.088036,42.347534
1,1154,-71.088036,42.347534
1,1155,-71.088036,42.347534
1,1156,-71.088036,42.347534
1,1157,-71.088036,42.347534
1,1158,-71.088036,42.347534
1,1159,-71.088036,42.347534
1,1160,-71.088036,42.347534
1,1161,-71.088036,42.347534
1,1162,-71.088036,42.347534
1,1163,-71.088036,42.347534
1,1164,-71.088036,42.347534
1,1165,-71.088036,42.347534
1,1166,-71.088036,42.347534
1,1167,-71.088036,42.347534
1,1168,-71.088036,42.347534
1,1169,-71.088036,42.347534
1,1170,-71.088036,42.347534
1,1171,-71.088028,42.347519
1,1172,-71.088013,42.347496
1,1173,-71.087997,42.347466
1,1174,-71.087982,42.347427
1,1175,-71.087959,42.347385
1,1176,-71.087929,42.347336
1,1177,-71.087898,42.347282
1,1178,-71.087868,42.347233
1,1179,-71.087837,42.347183
1,1180,-71.087814,42.347141
1,1181,-71.087791,42.347103
1,1182,-71.087769,42.347069
1,1183,-71.087746,42.347042
1,1184,-71.087738,42.347019
1,1185,-71.087730,42.347004
1,1186,-71.087730,42.346992
1,1187,-71.087730,42.346985
1,1188,-71.087730,42.346973
1,1189,-71.087723,42.346962
1,1190,-71.087715,42.346951
1,1191,-71.087715,42.346939
1,1192,-71.087708,42.346928
1,1193,-71.087700,42.346920
1,1194,-71.087692,42.346901
1,1195,-71.087677,42.346867
1,1196,-71.087654,42.346825
1,1197,-71.087639,42.346775
1,1198,-71.087608,42.346722
1,1199,-71.087570,42.346661
1,1200,-71.087547,42.346603
1,1201,-71.087509,42.346539
1,1202,-71.087456,42.346466
1,1203,-71.087410,42.346401
1,1204,-71.087364,42.346333
1,1205,-71.087318,42.346260
1,1206,-71.087288,42.346172
1,1207,-71.087250,42.346092
1,1208,-71.087212,42.346008
1,1209,-71.087173,42.345928
1,1210,-71.087143,42.345856
1,1211,-71.087120,42.345795
1,1212,-71.087112,42.345764
1,1213,-71.087105,42.345684
1,1214,-71.087112,42.345634
1,1215,-71.087112,42.345600
1,1216,-71.087128,42.345577
1,1217,-71.087143,42.345558
1,1218,-71.087151,42.345543
1,1219,-71.087158,42.345531
1,1220,-71.087166,42.345516
1,1221,-71.087173,42.345501
1,1222,-71.087181,42.345490
1,1223,-71.087181,42.345490
1,1224,-71.087181,42.345490
1,1225,-71.087181,42.345490
1,1226,-71.087181,42.345490
1,1227,-71.087181,42.345490
1,1228,-71.087181,42.345490
1,1229,-71.087181,42.345490
1,1230,-71.087189,42.345474
1,1231,-71.087181,42.345455
1,1232,-71.087181,42.345417
1,1233,-71.087181,42.345371
1,1234,-71.087173,42.345333
1,1235,-71.087166,42.345287
1,1236,-71.087151,42.345245
1,1237,-71.087135,42.345200
1,1238,-71.087120,42.345150
1,1239,-71.087097,42.345100
1,1240,-71.087082,42.345047
1,1241,-71.087074,42.345009
1,1242,-71.087074,42.344971
1,1243,-71.087082,42.344933
1,1244,-71.087090,42.344906
1,1245,-71.087105,42.344887
1,1246,-71.087112,42.344864
1,1247,-71.087128,42.344849
1,1248,-71.087143,42.344837
1,1249,-71.087158,42.344826
1,1250,-71.087166,42.344814
1,1251,-71.087181,42.344803
1,1252,-71.087196,42.344795
1,1253,-71.087204,42.344784
1,1254,-71.087204,42.344776
1,1255,-71.087212,42.344769
1,1256,-71.087212,42.344761
1,1257,-71.087212,42.344757
1,1258,-71.087212,42.344753
1,1259,-71.087212,42.344753
1,1260,-71.087212,42.344753
1,1261,-71.087212,42.344753
1,1262,-71.087212,42.344753
1,1263,-71.087212,42.344753
1,1264,-71.087212,42.344753
1,1265,-71.087212,42.344753
1,1266,-71.087196,42.344738
1,1267,-71.087181,42.344723
1,1268,-71.087158,42.344696
1,1269,-71.087143,42.344666
1,1270,-71.087105,42.344639
1,1271,-71.087051,42.344604
1,1272,-71.087029,42.344547
1,1273,-71.086998,42.344486
1,1274,-71.086967,42.344418
1,1275,-71.086937,42.344345
1,1276,-71.086899,42.344273
1,1277,-71.086861,42.344193
1,1278,-71.086830,42.344109
1,1279,-71.086792,42.344021
1,1280,-71.086746,42.343941
1,1281,-71.086700,42.343864
1,1282,-71.086655,42.343796
1,1283,-71.086594,42.343735
1,1284,-71.086540,42.343678
1,1285,-71.086426,42.343666
1,1286,-71.086334,42.343651
1,1287,-71.086273,42.343628
1,1288,-71.086197,42.343613
1,1289,-71.086159,42.343590
1,1290,-71.086128,42.343563
1,1291,-71.086098,42.343540
1,1292,-71.086067,42.343517
1,1293,-71.086044,42.343502
1,1294,-71.086044,42.343502
1,1295,-71.086044,42.343502
1,1296,-71.086044,42.343502
1,1297,-71.086044,42.343502
1,1298,-71.086044,42.343502
1,1299,-71.086044,42.343502
1,1300,-71.086044,42.343502
1,1301,-71.086044,42.343502
1,1302,-71.086044,42.343502
1,1303,-71.086044,42.343502
1,1304,-71.086044,42.343502
1,1305,-71.086044,42.343502
1,1306,-71.086044,42.343502
1,1307,-71.086044,42.343502
1,1308,-71.086044,42.343502
1,1309,-71.086044,42.343502
1,1310,-71.086044,42.343502
1,1311,-71.086044,42.343502
1,1312,-71.086044,42.343502
1,1313,-71.086044,42.343502
1,1314,-71.086044,42.343502
1,1315,-71.086044,42.343502
1,1316,-71.086044,42.343502
1,1317,-71.086044,42.343502
1,1318,-71.086044,42.343502
1,1319,-71.086044,42.343502
1,1320,-71.086044,42.343502
1,1321,-71.086044,42.343502
1,1322,-71.086044,42.343502
1,1323,-71.086044,42.343502
1,1324,-71.086044,42.343502
1,1325,-71.086044,42.343502
1,1326,-71.086044,42.343502
1,1327,-71.086044,42.343502
1,1328,-71.086044,42.343502
1,1329,-71.086044,42.343502
1,1330,-71.086044,42.343502
1,1331,-71.086037,42.343472
1,1332,-71.086021,42.343441
1,1333,-71.085999,42.343399
1,1334,-71.085960,42.343342
1,1335,-71.085915,42.343288
1,1336,-71.085854,42.343235
1,1337,-71.085777,42.343178
1,1338,-71.085678,42.343117
1,1339,-71.085587,42.343060
1,1340,-71.085503,42.343002
1,1341,-71.085426,42.342949
1,1342,-71.085342,42.342888
1,1343,-71.085274,42.342842
1,1344,-71.085236,42.342808
1,1345,-71.085213,42.342777
1,1346,-71.085205,42.342758
1,1347,-71.085197,42.342747
1,1348,-71.085197,42.342739
1,1349,-71.085197,42.342735
1,1350,-71.085197,42.342735
1,1351,-71.085197,42.342735
1,1352,-71.085197,42.342735
1,1353,-71.085197,42.342735
1,1354,-71.085197,42.342735
1,1355,-71.085197,42.342735
1,1356,-71.085197,42.342735
1,1357,-71.085197,42.342735
1,1358,-71.085197,42.342731
1,1359,-71.085190,42.342728
1,1360,-71.085190,42.342724
1,1361,-71.085190,42.342716
1,1362,-71.085190,42.342712
1,1363,-71.085190,42.342709
1,1364,-71.085190,42.342705
1,1365,-71.085182,42.342705
1,1366,-71.085182,42.342701
1,1367,-71.085182,42.342701
1,1368,-71.085182,42.342701
1,1369,-71.085182,42.342701
1,1370,-71.085182,42.342701
1,1371,-71.085182,42.342701
1,1372,-71.085182,42.342701
1,1373,-71.085182,42.342701
1,1374,-71.085182,42.342701
1,1375,-71.085182,42.342701
1,1376,-71.085182,42.342701
1,1377,-71.085182,42.342701
1,1378,-71.085182,42.342701
1,1379,-71.085182,42.342701
1,1380,-71.085182,42.342701
1,1381,-71.085182,42.342701
1,1382,-71.085182,42.342701
1,1383,-71.085182,42.342701
1,1384,-71.085182,42.342701
1,1385,-71.085182,42.342701
1,1386,-71.085182,42.342701
1,1387,-71.085182,42.342701
1,1388,-71.085182,42.342701
1,1389,-71.085182,42.342701
1,1390,-71.085182,42.342701
1,1391,-71.085182,42.342701
1,1392,-71.085182,42.342701
1,1393,-71.085182,42.342697
1,1394,-71.085175,42.342693
1,1395,-71.085175,42.342693
1,1396,-71.085175,42.342690
1,1397,-71.085175,42.342686
1,1398,-71.085175,42.342686
1,1399,-71.085175,42.342686
1,1400,-71.085175,42.342682
1,1401,-71.085175,42.342678
1,1402,-71.085175,42.342674
1,1403,-71.085175,42.342670
1,1404,-71.085175,42.342667
1,1405,-71.085175,42.342663
1,1406,-71.085159,42.342655
1,1407,-71.085136,42.342678
1,1408,-71.085121,42.342682
1,1409,-71.085106,42.342674
1,1410,-71.085083,42.342659
1,1411,-71.085060,42.342640
1,1412,-71.085037,42.342617
1,1413,-71.085014,42.342598
1,1414,-71.084991,42.342583
1,1415,-71.084976,42.342564
1,1416,-71.084961,42.342548
1,1417,-71.084946,42.342537
1,1418,-71.084930,42.342522
1,1419,-71.084915,42.342510
1,1420,-71.084900,42.342491
1,1421,-71.084885,42.342480
1,1422,-71.084869,42.342464
1,1423,-71.084854,42.342449
1,1424,-71.084839,42.342434
1,1425,-71.084824,42.342419
1,1426,-71.084801,42.342396
1,1427,-71.084785,42.342381
1,1428,-71.084770,42.342365
1,1429,-71.084755,42.342354
1,1430,-71.084740,42.342339
1,1431,-71.084724,42.342323
1,1432,-71.084709,42.342308
1,1433,-71.084694,42.342293
1,1434,-71.084679,42.342278
1,1435,-71.084663,42.342262
1,1436,-71.084656,42.342251
1,1437,-71.084633,42.342232
1,1438,-71.084610,42.342209
1,1439,-71.084602,42.342197
1,1440,-71.084587,42.342182
1,1441,-71.084572,42.342167
1,1442,-71.084885,42.342609
1,1443,-71.084877,42.342606
1,1444,-71.084862,42.342571
1,1445,-71.084846,42.342552
1,1446,-71.084824,42.342533
1,1447,-71.084785,42.342491
1,1448,-71.084755,42.342472
1,1449,-71.084724,42.342453
1,1450,-71.084686,42.342434
1,1451,-71.084656,42.342419
1,1452,-71.084610,42.342400
1,1453,-71.084564,42.342373
1,1454,-71.084381,42.342308
1,1455,-71.084213,42.342247
1,1456,-71.084030,42.342209
1,1457,-71.083694,42.342098
1,1458,-71.083603,42.341930
1,1459,-71.083565,42.341751
1,1460,-71.083557,42.341721
1,1461,-71.083542,42.341705
1,1462,-71.083527,42.341694
1,1463,-71.083504,42.341682
1,1464,-71.083496,42.341671
1,1465,-71.083488,42.341671
1,1466,-71.083488,42.341667
1,1467,-71.083473,42.341663
1,1468,-71.083458,42.341652
1,1469,-71.083443,42.341637
1,1470,-71.083427,42.341625
1,1471,-71.083412,42.341614
1,1472,-71.083397,42.341606
1,1473,-71.083389,42.341602
1,1474,-71.083389,42.341602
1,1475,-71.083389,42.341602
1,1476,-71.083389,42.341602
1,1477,-71.083389,42.341602
1,1478,-71.083389,42.341602
1,1479,-71.083389,42.341602
1,1480,-71.083389,42.341602
1,1481,-71.083389,42.341602
1,1482,-71.083389,42.341602
1,1483,-71.083389,42.341602
1,1484,-71.083389,42.341602
1,1485,-71.083389,42.341602
1,1486,-71.083389,42.341602
1,1487,-71.083389,42.341602
1,1488,-71.083389,42.341602
1,1489,-71.083389,42.341602
1,1490,-71.083389,42.341602
1,1491,-71.083389,42.341602
1,1492,-71.083389,42.341602
1,1493,-71.083389,42.341602
1,1494,-71.083389,42.341602
1,1495,-71.083389,42.341602
1,1496,-71.083389,42.341602
1,1497,-71.083389,42.341602
1,1498,-71.083389,42.341602
1,1499,-71.083389,42.341602
1,1500,-71.083389,42.341602
1,1501,-71.083389,42.341602
1,1502,-71.083389,42.341602
1,1503,-71.083389,42.341602
1,1504,-71.083389,42.341602
1,1505,-71.083389,42.341602
1,1506,-71.083389,42.341602
1,1507,-71.083389,42.341602
1,1508,-71.083389,42.341602
1,1509,-71.083389,42.341602
1,1510,-71.083389,42.341602
1,1511,-71.083389,42.341602
1,1512,-71.083389,42.341602
1,1513,-71.083389,42.341602
1,1514,-71.083389,42.341602
1,1515,-71.083389,42.341602
1,1516,-71.083389,42.341602
1,1517,-71.083389,42.341602
1,1518,-71.083389,42.341602
1,1519,-71.083389,42.341602
1,1520,-71.083389,42.341602
1,1521,-71.083389,42.341602
1,1522,-71.083366,42.341579
1,1523,-71.083336,42.341568
1,1524,-71.083290,42.341557
1,1525,-71.083252,42.341545
1,1526,-71.083199,42.341530
1,1527,-71.083138,42.341507
1,1528,-71.083084,42.341488
1,1529,-71.082993,42.341465
1,1530,-71.082916,42.341442
1,1531,-71.082848,42.341419
1,1532,-71.082779,42.341393
1,1533,-71.082687,42.341358
1,1534,-71.082619,42.341328
1,1535,-71.082535,42.341267
1,1536,-71.082458,42.341213
1,1537,-71.082405,42.341179
1,1538,-71.082367,42.341145
1,1539,-71.082329,42.341106
1,1540,-71.082298,42.341076
1,1541,-71.082275,42.341042
1,1542,-71.082260,42.341011
1,1543,-71.082253,42.340981
1,1544,-71.082237,42.340946
1,1545,-71.082230,42.340916
1,1546,-71.082214,42.340881
1,1547,-71.082207,42.340851
1,1548,-71.082191,42.340820
1,1549,-71.082184,42.340790
1,1550,-71.082176,42.340759
1,1551,-71.082161,42.340729
1,1552,-71.082153,42.340702
1,1553,-71.082146,42.340675
1,1554,-71.082138,42.340649
1,1555,-71.082130,42.340626
1,1556,-71.082115,42.340607
1,1557,-71.082108,42.340591
1,1558,-71.082115,42.340626
1,1559,-71.082123,42.340660
1,1560,-71.082123,42.340660
1,1561,-71.082130,42.340691
1,1562,-71.082138,42.340717
1,1563,-71.082138,42.340717
1,1564,-71.082138,42.340717
1,1565,-71.082138,42.340717
1,1566,-71.082138,42.340717
1,1567,-71.082138,42.340717
1,1568,-71.082138,42.340717
1,1569,-71.082138,42.340717
1,1570,-71.082138,42.340717
1,1571,-71.082138,42.340717
1,1572,-71.082138,42.340717
1,1573,-71.082138,42.340717
1,1574,-71.082138,42.340717
1,1575,-71.082138,42.340717
1,1576,-71.082138,42.340717
1,1577,-71.082138,42.340717
1,1578,-71.082138,42.340717
1,1579,-71.082130,42.340717
1,1580,-71.082115,42.340717
1,1581,-71.082092,42.340710
1,1582,-71.082062,42.340706
1,1583,-71.082031,42.340683
1,1584,-71.081978,42.340603
1,1585,-71.081932,42.340557
1,1586,-71.081871,42.340515
1,1587,-71.081802,42.340469
1,1588,-71.081734,42.340420
1,1589,-71.081665,42.340370
1,1590,-71.081589,42.340321
1,1591,-71.081512,42.340267
1,1592,-71.081436,42.340214
1,1593,-71.081367,42.340153
1,1594,-71.081291,42.340088
1,1595,-71.081215,42.340023
1,1596,-71.081139,42.339958
1,1597,-71.081070,42.339890
1,1598,-71.081009,42.339821
1,1599,-71.080956,42.339760
1,1600,-71.080902,42.339703
1,1601,-71.080864,42.339645
1,1602,-71.080826,42.339588
1,1603,-71.080795,42.339535
1,1604,-71.080772,42.339478
1,1605,-71.080750,42.339424
1,1606,-71.080727,42.339371
1,1607,-71.080711,42.339317
1,1608,-71.080696,42.339272
1,1609,-71.080681,42.339222
1,1610,-71.080666,42.339176
1,1611,-71.080650,42.339134
1,1612,-71.080627,42.339092
1,1613,-71.080635,42.339100
1,1614,-71.080627,42.339108
1,1615,-71.080605,42.339111
1,1616,-71.080589,42.339130
1,1617,-71.080597,42.339199
1,1618,-71.080566,42.339241
1,1619,-71.080521,42.339214
1,1620,-71.080467,42.339172
1,1621,-71.080414,42.339123
1,1622,-71.080376,42.339081
1,1623,-71.080345,42.339035
1,1624,-71.080315,42.338993
1,1625,-71.080292,42.338959
1,1626,-71.080276,42.338924
1,1627,-71.080269,42.338898
1,1628,-71.080269,42.338882
1,1629,-71.080261,42.338867
1,1630,-71.080284,42.338882
1,1631,-71.080284,42.338882
1,1632,-71.080284,42.338882
1,1633,-71.080284,42.338882
1,1634,-71.080284,42.338882
1,1635,-71.080284,42.338882
1,1636,-71.080284,42.338882
1,1637,-71.080284,42.338882
1,1638,-71.080284,42.338882
1,1639,-71.080284,42.338882
1,1640,-71.080284,42.338882
1,1641,-71.080284,42.338882
1,1642,-71.080284,42.338882
1,1643,-71.080284,42.338882
1,1644,-71.080284,42.338882
1,1645,-71.080261,42.338871
1,1646,-71.080231,42.338856
1,1647,-71.080193,42.338837
1,1648,-71.080139,42.338818
1,1649,-71.080078,42.338795
1,1650,-71.080009,42.338802
1,1651,-71.079933,42.338749
1,1652,-71.079849,42.338680
1,1653,-71.079758,42.338612
1,1654,-71.079659,42.338524
1,1655,-71.079559,42.338432
1,1656,-71.079460,42.338341
1,1657,-71.079346,42.338253
1,1658,-71.079277,42.338196
1,1659,-71.079185,42.338120
1,1660,-71.079086,42.338039
1,1661,-71.078987,42.337967
1,1662,-71.078804,42.337841
1,1663,-71.078766,42.337814
1,1664,-71.078705,42.337765
1,1665,-71.078629,42.337708
1,1666,-71.078552,42.337654
1,1667,-71.078484,42.337601
1,1668,-71.078415,42.337551
1,1669,-71.078339,42.337502
1,1670,-71.078262,42.337452
1,1671,-71.078194,42.337383
1,1672,-71.078125,42.337330
1,1673,-71.078072,42.337280
1,1674,-71.078026,42.337238
1,1675,-71.077988,42.337196
1,1676,-71.077957,42.337154
1,1677,-71.077927,42.337116
1,1678,-71.077904,42.337082
1,1679,-71.077888,42.337048
1,1680,-71.077873,42.337013
1,1681,-71.077858,42.336987
1,1682,-71.077850,42.336960
1,1683,-71.077843,42.336941
1,1684,-71.077843,42.336929
1,1685,-71.077843,42.336929
1,1686,-71.077850,42.336933
1,1687,-71.077858,42.336937
1,1688,-71.077873,42.336945
1,1689,-71.077873,42.336952
1,1690,-71.077873,42.336952
1,1691,-71.077858,42.336948
1,1692,-71.077835,42.336941
1,1693,-71.077812,42.336937
1,1694,-71.077774,42.336926
1,1695,-71.077728,42.336910
1,1696,-71.077675,42.336891
1,1697,-71.077614,42.336864
1,1698,-71.077545,42.336830
1,1699,-71.077469,42.336792
1,1700,-71.077393,42.336742
1,1701,-71.077316,42.336689
1,1702,-71.077240,42.336605
1,1703,-71.077164,42.336521
1,1704,-71.077087,42.336441
1,1705,-71.077026,42.336380
1,1706,-71.076973,42.336342
1,1707,-71.076935,42.336315
1,1708,-71.076897,42.336288
1,1709,-71.076874,42.336266
1,1710,-71.076866,42.336254
1,1711,-71.076851,42.336231
1,1712,-71.076851,42.336224
1,1713,-71.076851,42.336224
1,1714,-71.076851,42.336224
1,1715,-71.076851,42.336224
1,1716,-71.076851,42.336224
1,1717,-71.076851,42.336224
1,1718,-71.076851,42.336224
1,1719,-71.076851,42.336224
1,1720,-71.076851,42.336224
1,1721,-71.076851,42.336224
1,1722,-71.076851,42.336224
1,1723,-71.076851,42.336224
1,1724,-71.076851,42.336224
1,1725,-71.076851,42.336224
1,1726,-71.076851,42.336224
1,1727,-71.076851,42.336224
1,1728,-71.076851,42.336224
1,1729,-71.076836,42.336216
1,1730,-71.076813,42.336205
1,1731,-71.076790,42.336193
1,1732,-71.076767,42.336178
1,1733,-71.076721,42.336163
1,1734,-71.076668,42.336124
1,1735,-71.076607,42.336090
1,1736,-71.076546,42.336056
1,1737,-71.076477,42.336021
1,1738,-71.076408,42.335983
1,1739,-71.076340,42.335945
1,1740,-71.076263,42.335903
1,1741,-71.076195,42.335861
1,1742,-71.076118,42.335815
1,1743,-71.076057,42.335770
1,1744,-71.076012,42.335735
1,1745,-71.075943,42.335686
1,1746,-71.075897,42.335644
1,1747,-71.075859,42.335602
1,1748,-71.075836,42.335564
1,1749,-71.075813,42.335533
1,1750,-71.075798,42.335503
1,1751,-71.075790,42.335472
1,1752,-71.075768,42.335438
1,1753,-71.075745,42.335407
1,1754,-71.075722,42.335377
1,1755,-71.075691,42.335342
1,1756,-71.075653,42.335312
1,1757,-71.075615,42.335281
1,1758,-71.075577,42.335258
1,1759,-71.075531,42.335239
1,1760,-71.075478,42.335217
1,1761,-71.075417,42.335182
1,1762,-71.075348,42.335117
1,1763,-71.075279,42.335064
1,1764,-71.075211,42.335011
1,1765,-71.075142,42.334961
1,1766,-71.075096,42.334911
1,1767,-71.075058,42.334873
1,1768,-71.075027,42.334839
1,1769,-71.075012,42.334812
1,1770,-71.075012,42.334801
1,1771,-71.075012,42.334793
1,1772,-71.075012,42.334793
1,1773,-71.075012,42.334793
1,1774,-71.075012,42.334793
1,1775,-71.075012,42.334793
1,1776,-71.075012,42.334793
1,1777,-71.075012,42.334793
1,1778,-71.075012,42.334793
1,1779,-71.075012,42.334793
1,1780,-71.075012,42.334793
1,1781,-71.075012,42.334793
1,1782,-71.075012,42.334793
1,1783,-71.075012,42.334793
1,1784,-71.075012,42.334793
1,1785,-71.075012,42.334793
1,1786,-71.075012,42.334793
1,1787,-71.075012,42.334793
1,1788,-71.075012,42.334793
1,1789,-71.075012,42.334793
1,1790,-71.075012,42.334793
1,1791,-71.075012,42.334793
1,1792,-71.075012,42.334793
1,1793,-71.075012,42.334793
1,1794,-71.075012,42.334793
1,1795,-71.075012,42.334793
1,1796,-71.075012,42.334793
1,1797,-71.075012,42.334793
1,1798,-71.075012,42.334793
1,1799,-71.074997,42.334782
1,1800,-71.074989,42.334774
1,1801,-71.074982,42.334763
1,1802,-71.074974,42.334755
1,1803,-71.074974,42.334747
1,1804,-71.074966,42.334747
1,1805,-71.074966,42.334740
1,1806,-71.074959,42.334736
1,1807,-71.074951,42.334732
1,1808,-71.074944,42.334732
1,1809,-71.074944,42.334728
1,1810,-71.074936,42.334724
1,1811,-71.074936,42.334724
1,1812,-71.074936,42.334724
1,1813,-71.074936,42.334724
1,1814,-71.074936,42.334724
1,1815,-71.074936,42.334724
1,1816,-71.074936,42.334728
1,1817,-71.074936,42.334736
1,1818,-71.074936,42.334740
1,1819,-71.074936,42.334743
1,1820,-71.074944,42.334747
1,1821,-71.074944,42.334755
1,1822,-71.074944,42.334759
1,1823,-71.074936,42.334724
1,1824,-71.074905,42.334709
1,1825,-71.074852,42.334686
1,1826,-71.074799,42.334656
1,1827,-71.074760,42.334625
1,1828,-71.074722,42.334583
1,1829,-71.074699,42.334560
1,1830,-71.074684,42.334541
1,1831,-71.074669,42.334526
1,1832,-71.074669,42.334526
1,1833,-71.074669,42.334526
1,1834,-71.074669,42.334526
1,1835,-71.074669,42.334526
1,1836,-71.074669,42.334526
1,1837,-71.074669,42.334526
1,1838,-71.074669,42.334526
1,1839,-71.074669,42.334526
1,1840,-71.074669,42.334526
1,1841,-71.074669,42.334526
1,1842,-71.074669,42.334526
1,1843,-71.074669,42.334526
1,1844,-71.074669,42.334526
1,1845,-71.074669,42.334526
1,1846,-71.074669,42.334526
1,1847,-71.074669,42.334526
1,1848,-71.074669,42.334526
1,1849,-71.074669,42.334526
1,1850,-71.074669,42.334526
1,1851,-71.074669,42.334526
1,1852,-71.074669,42.334526
1,1853,-71.074669,42.334526
1,1854,-71.074669,42.334526
1,1855,-71.074669,42.334526
1,1856,-71.074669,42.334526
1,1857,-71.074669,42.334526
1,1858,-71.074669,42.334526
1,1859,-71.074669,42.334526
1,1860,-71.074669,42.334526
1,1861,-71.074669,42.334526
1,1862,-71.074669,42.334526
1,1863,-71.074669,42.334526
1,1864,-71.074669,42.334526
1,1865,-71.074669,42.334526
1,1866,-71.074669,42.334526
1,1867,-71.074669,42.334526
1,1868,-71.074669,42.334526
1,1869,-71.074669,42.334526
1,1870,-71.074669,42.334526
1,1871,-71.074570,42.334442
1,1872,-71.074570,42.334442
1,1873,-71.074570,42.334442
1,1874,-71.074570,42.334442
1,1875,-71.074570,42.334442
1,1876,-71.074570,42.334442
1,1877,-71.074570,42.334442
1,1878,-71.074570,42.334442
1,1879,-71.074570,42.334442
1,1880,-71.074570,42.334442
1,1881,-71.074570,42.334442
1,1882,-71.074570,42.334442
1,1883,-71.074570,42.334442
1,1884,-71.074570,42.334442
1,1885,-71.074570,42.334442
1,1886,-71.074570,42.334442
1,1887,-71.074570,42.334442
1,1888,-71.074570,42.334442
1,1889,-71.074509,42.334377
1,1890,-71.074463,42.334320
1,1891,-71.074425,42.334282
1,1892,-71.074387,42.334240
1,1893,-71.074341,42.334198
1,1894,-71.074295,42.334160
1,1895,-71.074265,42.334110
1,1896,-71.074242,42.334068
1,1897,-71.074219,42.334030
1,1898,-71.074188,42.333988
1,1899,-71.074165,42.333942
1,1900,-71.074135,42.333900
1,1901,-71.074104,42.333862
1,1902,-71.074074,42.333824
1,1903,-71.074051,42.333790
1,1904,-71.074013,42.333748
1,1905,-71.073997,42.333717
1,1906,-71.074020,42.333706
1,1907,-71.074013,42.333675
1,1908,-71.074028,42.333652
1,1909,-71.074051,42.333633
1,1910,-71.074081,42.333614
1,1911,-71.074104,42.333591
1,1912,-71.074120,42.333565
1,1913,-71.074135,42.333538
1,1914,-71.074150,42.333508
1,1915,-71.074165,42.333477
1,1916,-71.074181,42.333443
1,1917,-71.074188,42.333420
1,1918,-71.074188,42.333420
1,1919,-71.074188,42.333420
1,1920,-71.074188,42.333420
1,1921,-71.074188,42.333420
1,1922,-71.074188,42.333420
1,1923,-71.074188,42.333420
1,1924,-71.074211,42.333397
1,1925,-71.074234,42.333374
1,1926,-71.074265,42.333355
1,1927,-71.074295,42.333332
1,1928,-71.074318,42.333313
1,1929,-71.074348,42.333294
1,1930,-71.074371,42.333275
1,1931,-71.074402,42.333260
1,1932,-71.074440,42.333241
1,1933,-71.074471,42.333221
1,1934,-71.074486,42.333160
1,1935,-71.074509,42.333122
1,1936,-71.074539,42.333076
1,1937,-71.074577,42.333046
1,1938,-71.074615,42.333015
1,1939,-71.074646,42.332977
1,1940,-71.074669,42.332958
1,1941,-71.074707,42.332935
1,1942,-71.074753,42.332890
1,1943,-71.074791,42.332863
1,1944,-71.074814,42.332798
1,1945,-71.074852,42.332760
1,1946,-71.075066,42.332523
1,1947,-71.075142,42.332474
1,1948,-71.075195,42.332447
1,1949,-71.075294,42.332386
1,1950,-71.075401,42.332314
1,1951,-71.075523,42.332253
1,1952,-71.075661,42.332161
1,1953,-71.075760,42.332092
1,1954,-71.075851,42.332031
1,1955,-71.075943,42.331970
1,1956,-71.076027,42.331909
1,1957,-71.076111,42.331848
1,1958,-71.076202,42.331791
1,1959,-71.076271,42.331745
1,1960,-71.076340,42.331699
1,1961,-71.076393,42.331657
1,1962,-71.076431,42.331627
1,1963,-71.076462,42.331604
1,1964,-71.076485,42.331589
1,1965,-71.076500,42.331577
1,1966,-71.076500,42.331570
1,1967,-71.076508,42.331566
1,1968,-71.076508,42.331566
1,1969,-71.076508,42.331566
1,1970,-71.076508,42.331566
1,1971,-71.076508,42.331566
1,1972,-71.076508,42.331566
1,1973,-71.076508,42.331566
1,1974,-71.076508,42.331566
1,1975,-71.076508,42.331566
1,1976,-71.076508,42.331566
1,1977,-71.076508,42.331566
1,1978,-71.076508,42.331566
1,1979,-71.076508,42.331566
1,1980,-71.076508,42.331566
1,1981,-71.076508,42.331566
1,1982,-71.076508,42.331566
1,1983,-71.076508,42.331566
1,1984,-71.076508,42.331566
1,1985,-71.076508,42.331566
1,1986,-71.076508,42.331566
1,1987,-71.076508,42.331566
1,1988,-71.076508,42.331566
1,1989,-71.076508,42.331566
1,1990,-71.076508,42.331566
1,1991,-71.076508,42.331566
1,1992,-71.076508,42.331566
1,1993,-71.076508,42.331566
1,1994,-71.076508,42.331566
1,1995,-71.076508,42.331566
1,1996,-71.076508,42.331566
1,1997,-71.076508,42.331566
1,1998,-71.076508,42.331566
1,1999,-71.076508,42.331566
1,2000,-71.076508,42.331566
1,2001,-71.076508,42.331566
1,2002,-71.076508,42.331566
1,2003,-71.076508,42.331566
1,2004,-71.076508,42.331566
1,2005,-71.076508,42.331566
1,2006,-71.076508,42.331566
1,2007,-71.076508,42.331566
1,2008,-71.076515,42.331566
1,2009,-71.076515,42.331566
1,2010,-71.076515,42.331566
1,2011,-71.076515,42.331566
1,2012,-71.076515,42.331566
1,2013,-71.076515,42.331566
1,2014,-71.076515,42.331566
1,2015,-71.076515,42.331566
1,2016,-71.076515,42.331566
1,2017,-71.076515,42.331566
1,2018,-71.076530,42.331551
1,2019,-71.076561,42.331535
1,2020,-71.076591,42.331512
1,2021,-71.076637,42.331486
1,2022,-71.076683,42.331455
1,2023,-71.076736,42.331421
1,2024,-71.076782,42.331390
1,2025,-71.076836,42.331360
1,2026,-71.076881,42.331337
1,2027,-71.076927,42.331318
1,2028,-71.076973,42.331303
1,2029,-71.077026,42.331303
1,2030,-71.077087,42.331318
1,2031,-71.077171,42.331341
1,2032,-71.077263,42.331367
1,2033,-71.077370,42.331398
1,2034,-71.077484,42.331432
1,2035,-71.077614,42.331478
1,2036,-71.077751,42.331528
1,2037,-71.077904,42.331581
1,2038,-71.078049,42.331635
1,2039,-71.078201,42.331688
1,2040,-71.078346,42.331745
1,2041,-71.078484,42.331791
1,2042,-71.078613,42.331837
1,2043,-71.078720,42.331882
1,2044,-71.078819,42.331921
1,2045,-71.078896,42.331955
1,2046,-71.078964,42.331993
1,2047,-71.079025,42.332031
1,2048,-71.079086,42.332066
1,2049,-71.079140,42.332096
1,2050,-71.079193,42.332127
1,2051,-71.079247,42.332150
1,2052,-71.079292,42.332176
1,2053,-71.079338,42.332199
1,2054,-71.079384,42.332222
1,2055,-71.079430,42.332241
1,2056,-71.079468,42.332260
1,2057,-71.079506,42.332283
1,2058,-71.079536,42.332302
1,2059,-71.079567,42.332325
1,2060,-71.079544,42.332325
1,2061,-71.079544,42.332325
1,2062,-71.079544,42.332325
1,2063,-71.079544,42.332325
1,2064,-71.079544,42.332325
1,2065,-71.079544,42.332325
1,2066,-71.079544,42.332325
1,2067,-71.079544,42.332325
1,2068,-71.079544,42.332325
1,2069,-71.079544,42.332325
1,2070,-71.079544,42.332325
1,2071,-71.079544,42.332325
1,2072,-71.079544,42.332325
1,2073,-71.079544,42.332325
1,2074,-71.079544,42.332325
1,2075,-71.079544,42.332325
1,2076,-71.079544,42.332325
1,2077,-71.079544,42.332325
1,2078,-71.079544,42.332325
1,2079,-71.079544,42.332325
1,2080,-71.079544,42.332325
1,2081,-71.079544,42.332325
1,2082,-71.079544,42.332325
1,2083,-71.079544,42.332325
1,2084,-71.079544,42.332325
1,2085,-71.079361,42.332245
1,2086,-71.079292,42.332218
1,2087,-71.079262,42.332203
1,2088,-71.079277,42.332207
1,2089,-71.079323,42.332218
1,2090,-71.079384,42.332233
1,2091,-71.079460,42.332256
1,2092,-71.079536,42.332291
1,2093,-71.079628,42.332325
1,2094,-71.079720,42.332367
1,2095,-71.079826,42.332413
1,2096,-71.079926,42.332462
1,2097,-71.080032,42.332516
1,2098,-71.080139,42.332565
1,2099,-71.080254,42.332619
1,2100,-71.080360,42.332668
1,2101,-71.080460,42.332718
1,2102,-71.080559,42.332767
1,2103,-71.080650,42.332813
1,2104,-71.080734,42.332855
1,2105,-71.080803,42.332893
1,2106,-71.080864,42.332920
1,2107,-71.080910,42.332939
1,2108,-71.080940,42.332954
1,2109,-71.080971,42.332962
1,2110,-71.081009,42.332970
1,2111,-71.081062,42.332970
1,2112,-71.081123,42.332962
1,2113,-71.081169,42.332935
1,2114,-71.081223,42.332890
1,2115,-71.081261,42.332840
1,2116,-71.081291,42.332783
1,2117,-71.081314,42.332718
1,2118,-71.081345,42.332645
1,2119,-71.081383,42.332577
1,2120,-71.081421,42.332512
1,2121,-71.081459,42.332451
1,2122,-71.081497,42.332401
1,2123,-71.081535,42.332355
1,2124,-71.081566,42.332317
1,2125,-71.081589,42.332291
1,2126,-71.081612,42.332275
1,2127,-71.081627,42.332264
1,2128,-71.081642,42.332256
1,2129,-71.081650,42.332260
1,2130,-71.081650,42.332260
1,2131,-71.081650,42.332260
1,2132,-71.081650,42.332260
1,2133,-71.081650,42.332260
1,2134,-71.081650,42.332260
1,2135,-71.081650,42.332260
1,2136,-71.081650,42.332260
1,2137,-71.081650,42.332260
1,2138,-71.081650,42.332260
1,2139,-71.081650,42.332260
1,2140,-71.081650,42.332260
1,2141,-71.081650,42.332260
1,2142,-71.081657,42.332260
1,2143,-71.081673,42.332249
1,2144,-71.081688,42.332237
1,2145,-71.081711,42.332222
1,2146,-71.081741,42.332203
1,2147,-71.081772,42.332176
1,2148,-71.081749,42.332111
1,2149,-71.081787,42.332062
1,2150,-71.081825,42.332016
1,2151,-71.081871,42.331970
1,2152,-71.081917,42.331921
1,2153,-71.081963,42.331856
1,2154,-71.082016,42.331791
1,2155,-71.082085,42.331726
1,2156,-71.082146,42.331661
1,2157,-71.082214,42.331600
1,2158,-71.082275,42.331539
1,2159,-71.082344,42.331482
1,2160,-71.082405,42.331425
1,2161,-71.082458,42.331375
1,2162,-71.082497,42.331326
1,2163,-71.082520,42.331299
1,2164,-71.082558,42.331264
1,2165,-71.082596,42.331234
1,2166,-71.082642,42.331207
1,2167,-71.082672,42.331192
1,2168,-71.082703,42.331181
1,2169,-71.082726,42.331173
1,2170,-71.082748,42.331165
1,2171,-71.082748,42.331169
1,2172,-71.082748,42.331169
1,2173,-71.082748,42.331169
1,2174,-71.082748,42.331169
1,2175,-71.082748,42.331169
1,2176,-71.082748,42.331169
1,2177,-71.082748,42.331169
1,2178,-71.082741,42.331165
1,2179,-71.082764,42.331158
1,2180,-71.082787,42.331131
1,2181,-71.082825,42.331097
1,2182,-71.082863,42.331055
1,2183,-71.082916,42.331013
1,2184,-71.082970,42.330971
1,2185,-71.083031,42.330925
1,2186,-71.083107,42.330875
1,2187,-71.083183,42.330826
1,2188,-71.083267,42.330769
1,2189,-71.083359,42.330711
1,2190,-71.083458,42.330658
1,2191,-71.083557,42.330605
1,2192,-71.083641,42.330563
1,2193,-71.083710,42.330532
1,2194,-71.083748,42.330513
1,2195,-71.083786,42.330498
1,2196,-71.083817,42.330490
1,2197,-71.083847,42.330490
1,2198,-71.083832,42.330482
1,2199,-71.083832,42.330482
1,2200,-71.083832,42.330482
1,2201,-71.083832,42.330482
1,2202,-71.083832,42.330482
1,2203,-71.083832,42.330482
1,2204,-71.083832,42.330482
1,2205,-71.083832,42.330482
1,2206,-71.083832,42.330482
1,2207,-71.083832,42.330482
1,2208,-71.083832,42.330482
1,2209,-71.083832,42.330482
1,2210,-71.083832,42.330482
1,2211,-71.083855,42.330463
1,2212,-71.083900,42.330441
1,2213,-71.083946,42.330414
1,2214,-71.084007,42.330383
1,2215,-71.084076,42.330345
1,2216,-71.084152,42.330307
1,2217,-71.084221,42.330257
1,2218,-71.084274,42.330200
1,2219,-71.084297,42.330166
1,2220,-71.084351,42.330109
1,2221,-71.084381,42.330078
1,2222,-71.084404,42.330055
1,2223,-71.084419,42.330040
1,2224,-71.084435,42.330025
1,2225,-71.084442,42.330013
1,2226,-71.084450,42.329998
1,2227,-71.084465,42.329983
1,2228,-71.084480,42.329952
1,2229,-71.084488,42.329914
1,2230,-71.084480,42.329872
1,2231,-71.084465,42.329842
1,2232,-71.084419,42.329819
1,2233,-71.084373,42.329803
1,2234,-71.084343,42.329800
1,2235,-71.084312,42.329796
1,2236,-71.084297,42.329796
1,2237,-71.084297,42.329796
1,2238,-71.084297,42.329796
1,2239,-71.084297,42.329796
1,2240,-71.084297,42.329796
1,2241,-71.084297,42.329796
1,2242,-71.084297,42.329796
1,2243,-71.084297,42.329796
1,2244,-71.084297,42.329796
1,2245,-71.084297,42.329796
1,2246,-71.084297,42.329796
1,2247,-71.084297,42.329796
1,2248,-71.084297,42.329796
1,2249,-71.084297,42.329796
1,2250,-71.084297,42.329796
1,2251,-71.084297,42.329796
1,2252,-71.084297,42.329796
1,2253,-71.084297,42.329796
1,2254,-71.084297,42.329796
1,2255,-71.084297,42.329796
1,2256,-71.084297,42.329796
1,2257,-71.084297,42.329796
1,2258,-71.084297,42.329796
1,2259,-71.084297,42.329796
1,2260,-71.084297,42.329796
1,2261,-71.084297,42.329796
1,2262,-71.084297,42.329796
1,2263,-71.084297,42.329796
1,2264,-71.084297,42.329796
1,2265,-71.084297,42.329796
1,2266,-71.084297,42.329796
1,2267,-71.084297,42.329796
1,2268,-71.084297,42.329796
1,2269,-71.084297,42.329796
1,2270,-71.084297,42.329796
1,2271,-71.084297,42.329796
1,2272,-71.084297,42.329796
1,2273,-71.084297,42.329796
1,2274,-71.084297,42.329796
1,2275,-71.084297,42.329796
1,2276,-71.084297,42.329796
1,2277,-71.084297,42.329796
